url,price,title,sqft_m2,rooms,bathrooms,floor,elevator,ac,terrace,furnished,heating,exterior,parking,storage,location,description,image_urls,num_images,zone,price_per_m2,floor_num
https://www.idealista.com/inmueble/900000000/,1030.0,Sample listing #1,48,2.0,2.0,planta 1ª,False,False,True,True,True,False,False,False,"Malasaña-Universidad, Madrid","Estudio céntrico cerca del metro, perfecto para una persona. Recientemente reformado con calidades modernas.","[""https://example.invalid/sample/0/0.jpg"", ""https://example.invalid/sample/0/1.jpg"", ""https://example.invalid/sample/0/2.jpg"", ""https://example.invalid/sample/0/3.jpg"", ""https://example.invalid/sample/0/4.jpg"", ""https://example.invalid/sample/0/5.jpg"", ""https://example.invalid/sample/0/6.jpg"", ""https://example.invalid/sample/0/7.jpg"", ""https://example.invalid/sample/0/8.jpg"", ""https://example.invalid/sample/0/9.jpg"", ""https://example.invalid/sample/0/10.jpg"", ""https://example.invalid/sample/0/11.jpg"", ""https://example.invalid/sample/0/12.jpg"", ""https://example.invalid/sample/0/13.jpg"", ""https://example.invalid/sample/0/14.jpg"", ""https://example.invalid/sample/0/15.jpg"", ""https://example.invalid/sample/0/16.jpg""]",17,Centro,21.46,1
https://www.idealista.com/inmueble/900000001/,2333.0,Sample listing #2,97,3.0,2.0,planta 4ª,True,False,False,False,True,True,True,True,"Conde Orgaz-Piovera, Madrid","Piso clásico en finca señorial, techos altos, suelos de tarima. Necesita pequeñas actualizaciones.","[""https://example.invalid/sample/1/0.jpg"", ""https://example.invalid/sample/1/1.jpg"", ""https://example.invalid/sample/1/2.jpg"", ""https://example.invalid/sample/1/3.jpg"", ""https://example.invalid/sample/1/4.jpg"", ""https://example.invalid/sample/1/5.jpg"", ""https://example.invalid/sample/1/6.jpg"", ""https://example.invalid/sample/1/7.jpg"", ""https://example.invalid/sample/1/8.jpg"", ""https://example.invalid/sample/1/9.jpg"", ""https://example.invalid/sample/1/10.jpg"", ""https://example.invalid/sample/1/11.jpg"", ""https://example.invalid/sample/1/12.jpg"", ""https://example.invalid/sample/1/13.jpg"", ""https://example.invalid/sample/1/14.jpg"", ""https://example.invalid/sample/1/15.jpg"", ""https://example.invalid/sample/1/16.jpg"", ""https://example.invalid/sample/1/17.jpg"", ""https://example.invalid/sample/1/18.jpg"", ""https://example.invalid/sample/1/19.jpg"", ""https://example.invalid/sample/1/20.jpg"", ""https://example.invalid/sample/1/21.jpg"", ""https://example.invalid/sample/1/22.jpg""]",23,Norte,24.05,4
https://www.idealista.com/inmueble/900000002/,2038.0,Sample listing #3,70,2.0,1.0,planta 3ª,True,True,True,False,True,False,False,False,"Pozuelo, Madrid","Piso clásico en finca señorial, techos altos, suelos de tarima. Necesita pequeñas actualizaciones.","[""https://example.invalid/sample/2/0.jpg"", ""https://example.invalid/sample/2/1.jpg"", ""https://example.invalid/sample/2/2.jpg"", ""https://example.invalid/sample/2/3.jpg"", ""https://example.invalid/sample/2/4.jpg"", ""https://example.invalid/sample/2/5.jpg"", ""https://example.invalid/sample/2/6.jpg"", ""https://example.invalid/sample/2/7.jpg"", ""https://example.invalid/sample/2/8.jpg"", ""https://example.invalid/sample/2/9.jpg"", ""https://example.invalid/sample/2/10.jpg"", ""https://example.invalid/sample/2/11.jpg"", ""https://example.invalid/sample/2/12.jpg"", ""https://example.invalid/sample/2/13.jpg"", ""https://example.invalid/sample/2/14.jpg"", ""https://example.invalid/sample/2/15.jpg"", ""https://example.invalid/sample/2/16.jpg"", ""https://example.invalid/sample/2/17.jpg"", ""https://example.invalid/sample/2/18.jpg"", ""https://example.invalid/sample/2/19.jpg"", ""https://example.invalid/sample/2/20.jpg"", ""https://example.invalid/sample/2/21.jpg"", ""https://example.invalid/sample/2/22.jpg"", ""https://example.invalid/sample/2/23.jpg"", ""https://example.invalid/sample/2/24.jpg"", ""https://example.invalid/sample/2/25.jpg""]",26,Oeste,29.11,3
https://www.idealista.com/inmueble/900000003/,2347.0,Sample listing #4,89,3.0,2.0,planta 1ª,True,False,False,False,True,True,False,True,"Hispanoamérica, Madrid","Apartamento moderno con terraza, vistas despejadas y excelente iluminación natural. Edificio con ascensor.","[""https://example.invalid/sample/3/0.jpg"", ""https://example.invalid/sample/3/1.jpg"", ""https://example.invalid/sample/3/2.jpg"", ""https://example.invalid/sample/3/3.jpg"", ""https://example.invalid/sample/3/4.jpg"", ""https://example.invalid/sample/3/5.jpg"", ""https://example.invalid/sample/3/6.jpg"", ""https://example.invalid/sample/3/7.jpg"", ""https://example.invalid/sample/3/8.jpg"", ""https://example.invalid/sample/3/9.jpg""]",10,Norte,26.37,1
https://www.idealista.com/inmueble/900000004/,2965.0,Sample listing #5,118,3.0,2.0,planta 4ª,True,True,True,True,True,True,False,True,"Hispanoamérica, Madrid","Piso clásico en finca señorial, techos altos, suelos de tarima. Necesita pequeñas actualizaciones.","[""https://example.invalid/sample/4/0.jpg"", ""https://example.invalid/sample/4/1.jpg"", ""https://example.invalid/sample/4/2.jpg"", ""https://example.invalid/sample/4/3.jpg"", ""https://example.invalid/sample/4/4.jpg"", ""https://example.invalid/sample/4/5.jpg"", ""https://example.invalid/sample/4/6.jpg"", ""https://example.invalid/sample/4/7.jpg"", ""https://example.invalid/sample/4/8.jpg""]",9,Norte,25.13,4
https://www.idealista.com/inmueble/900000005/,2386.0,Sample listing #6,89,3.0,2.0,planta 5ª,True,False,True,True,True,False,False,True,"Imperial, Madrid","Dúplex luminoso con tres dormitorios, dos baños y aseo de cortesía. Zona tranquila y bien comunicada.","[""https://example.invalid/sample/5/0.jpg"", ""https://example.invalid/sample/5/1.jpg"", ""https://example.invalid/sample/5/2.jpg"", ""https://example.invalid/sample/5/3.jpg"", ""https://example.invalid/sample/5/4.jpg"", ""https://example.invalid/sample/5/5.jpg"", ""https://example.invalid/sample/5/6.jpg"", ""https://example.invalid/sample/5/7.jpg"", ""https://example.invalid/sample/5/8.jpg"", ""https://example.invalid/sample/5/9.jpg"", ""https://example.invalid/sample/5/10.jpg"", ""https://example.invalid/sample/5/11.jpg"", ""https://example.invalid/sample/5/12.jpg"", ""https://example.invalid/sample/5/13.jpg"", ""https://example.invalid/sample/5/14.jpg"", ""https://example.invalid/sample/5/15.jpg"", ""https://example.invalid/sample/5/16.jpg"", ""https://example.invalid/sample/5/17.jpg"", ""https://example.invalid/sample/5/18.jpg""]",19,Arganzuela,26.81,5
https://www.idealista.com/inmueble/900000006/,2712.0,Sample listing #7,100,4.0,3.0,planta 2ª,True,True,True,False,False,True,False,False,"Aravaca, Madrid","Apartamento moderno con terraza, vistas despejadas y excelente iluminación natural. Edificio con ascensor.","[""https://example.invalid/sample/6/0.jpg"", ""https://example.invalid/sample/6/1.jpg"", ""https://example.invalid/sample/6/2.jpg"", ""https://example.invalid/sample/6/3.jpg"", ""https://example.invalid/sample/6/4.jpg"", ""https://example.invalid/sample/6/5.jpg"", ""https://example.invalid/sample/6/6.jpg"", ""https://example.invalid/sample/6/7.jpg"", ""https://example.invalid/sample/6/8.jpg"", ""https://example.invalid/sample/6/9.jpg"", ""https://example.invalid/sample/6/10.jpg"", ""https://example.invalid/sample/6/11.jpg"", ""https://example.invalid/sample/6/12.jpg"", ""https://example.invalid/sample/6/13.jpg"", ""https://example.invalid/sample/6/14.jpg"", ""https://example.invalid/sample/6/15.jpg"", ""https://example.invalid/sample/6/16.jpg"", ""https://example.invalid/sample/6/17.jpg"", ""https://example.invalid/sample/6/18.jpg"", ""https://example.invalid/sample/6/19.jpg"", ""https://example.invalid/sample/6/20.jpg"", ""https://example.invalid/sample/6/21.jpg"", ""https://example.invalid/sample/6/22.jpg"", ""https://example.invalid/sample/6/23.jpg"", ""https://example.invalid/sample/6/24.jpg""]",25,Oeste,27.12,2
https://www.idealista.com/inmueble/900000007/,1829.0,Sample listing #8,52,2.0,1.0,planta 6ª,True,True,False,True,False,False,False,False,"Almagro, Madrid","Vivienda completamente amueblada en zona prime, ideal para profesionales. Calefacción central y aire acondicionado.","[""https://example.invalid/sample/7/0.jpg"", ""https://example.invalid/sample/7/1.jpg"", ""https://example.invalid/sample/7/2.jpg"", ""https://example.invalid/sample/7/3.jpg"", ""https://example.invalid/sample/7/4.jpg"", ""https://example.invalid/sample/7/5.jpg"", ""https://example.invalid/sample/7/6.jpg"", ""https://example.invalid/sample/7/7.jpg"", ""https://example.invalid/sample/7/8.jpg"", ""https://example.invalid/sample/7/9.jpg"", ""https://example.invalid/sample/7/10.jpg"", ""https://example.invalid/sample/7/11.jpg"", ""https://example.invalid/sample/7/12.jpg"", ""https://example.invalid/sample/7/13.jpg"", ""https://example.invalid/sample/7/14.jpg"", ""https://example.invalid/sample/7/15.jpg"", ""https://example.invalid/sample/7/16.jpg"", ""https://example.invalid/sample/7/17.jpg"", ""https://example.invalid/sample/7/18.jpg"", ""https://example.invalid/sample/7/19.jpg"", ""https://example.invalid/sample/7/20.jpg""]",21,Chamberí,35.17,6
https://www.idealista.com/inmueble/900000008/,2671.0,Sample listing #9,76,2.0,1.0,planta 0ª,True,True,True,True,True,False,False,False,"Recoletos, Madrid","Ático con terraza panorámica, dos dormitorios, dos baños. Plaza de garaje y trastero incluidos.","[""https://example.invalid/sample/8/0.jpg"", ""https://example.invalid/sample/8/1.jpg"", ""https://example.invalid/sample/8/2.jpg"", ""https://example.invalid/sample/8/3.jpg"", ""https://example.invalid/sample/8/4.jpg"", ""https://example.invalid/sample/8/5.jpg"", ""https://example.invalid/sample/8/6.jpg"", ""https://example.invalid/sample/8/7.jpg"", ""https://example.invalid/sample/8/8.jpg"", ""https://example.invalid/sample/8/9.jpg"", ""https://example.invalid/sample/8/10.jpg"", ""https://example.invalid/sample/8/11.jpg"", ""https://example.invalid/sample/8/12.jpg"", ""https://example.invalid/sample/8/13.jpg"", ""https://example.invalid/sample/8/14.jpg"", ""https://example.invalid/sample/8/15.jpg"", ""https://example.invalid/sample/8/16.jpg"", ""https://example.invalid/sample/8/17.jpg"", ""https://example.invalid/sample/8/18.jpg"", ""https://example.invalid/sample/8/19.jpg"", ""https://example.invalid/sample/8/20.jpg""]",21,Salamanca-Retiro,35.14,0
https://www.idealista.com/inmueble/900000009/,1485.0,Sample listing #10,33,1.0,1.0,planta 1ª,True,False,False,True,True,True,False,False,"Trafalgar, Madrid","Apartamento moderno con terraza, vistas despejadas y excelente iluminación natural. Edificio con ascensor.","[""https://example.invalid/sample/9/0.jpg"", ""https://example.invalid/sample/9/1.jpg"", ""https://example.invalid/sample/9/2.jpg"", ""https://example.invalid/sample/9/3.jpg"", ""https://example.invalid/sample/9/4.jpg"", ""https://example.invalid/sample/9/5.jpg"", ""https://example.invalid/sample/9/6.jpg"", ""https://example.invalid/sample/9/7.jpg""]",8,Chamberí,45.0,1
https://www.idealista.com/inmueble/900000010/,2413.0,Sample listing #11,90,3.0,2.0,planta 1ª,True,False,False,False,True,False,True,True,"Almagro, Madrid","Piso reformado y luminoso en el centro de Madrid. Cocina equipada, salón amplio, dormitorio con armario empotrado.","[""https://example.invalid/sample/10/0.jpg"", ""https://example.invalid/sample/10/1.jpg"", ""https://example.invalid/sample/10/2.jpg"", ""https://example.invalid/sample/10/3.jpg"", ""https://example.invalid/sample/10/4.jpg"", ""https://example.invalid/sample/10/5.jpg"", ""https://example.invalid/sample/10/6.jpg"", ""https://example.invalid/sample/10/7.jpg"", ""https://example.invalid/sample/10/8.jpg"", ""https://example.invalid/sample/10/9.jpg"", ""https://example.invalid/sample/10/10.jpg"", ""https://example.invalid/sample/10/11.jpg"", ""https://example.invalid/sample/10/12.jpg"", ""https://example.invalid/sample/10/13.jpg"", ""https://example.invalid/sample/10/14.jpg"", ""https://example.invalid/sample/10/15.jpg"", ""https://example.invalid/sample/10/16.jpg"", ""https://example.invalid/sample/10/17.jpg"", ""https://example.invalid/sample/10/18.jpg"", ""https://example.invalid/sample/10/19.jpg""]",20,Chamberí,26.81,1
https://www.idealista.com/inmueble/900000011/,1267.0,Sample listing #12,56,2.0,1.0,planta 7ª,True,True,False,True,True,True,False,False,"Sanchinarro, Madrid","Piso reformado y luminoso en el centro de Madrid. Cocina equipada, salón amplio, dormitorio con armario empotrado.","[""https://example.invalid/sample/11/0.jpg"", ""https://example.invalid/sample/11/1.jpg"", ""https://example.invalid/sample/11/2.jpg"", ""https://example.invalid/sample/11/3.jpg"", ""https://example.invalid/sample/11/4.jpg"", ""https://example.invalid/sample/11/5.jpg"", ""https://example.invalid/sample/11/6.jpg"", ""https://example.invalid/sample/11/7.jpg"", ""https://example.invalid/sample/11/8.jpg"", ""https://example.invalid/sample/11/9.jpg"", ""https://example.invalid/sample/11/10.jpg"", ""https://example.invalid/sample/11/11.jpg"", ""https://example.invalid/sample/11/12.jpg"", ""https://example.invalid/sample/11/13.jpg"", ""https://example.invalid/sample/11/14.jpg"", ""https://example.invalid/sample/11/15.jpg"", ""https://example.invalid/sample/11/16.jpg"", ""https://example.invalid/sample/11/17.jpg"", ""https://example.invalid/sample/11/18.jpg"", ""https://example.invalid/sample/11/19.jpg"", ""https://example.invalid/sample/11/20.jpg"", ""https://example.invalid/sample/11/21.jpg"", ""https://example.invalid/sample/11/22.jpg"", ""https://example.invalid/sample/11/23.jpg""]",24,Periferia Norte,22.62,7
https://www.idealista.com/inmueble/900000012/,2020.0,Sample listing #13,80,3.0,3.0,planta 5ª,True,True,False,True,False,True,True,False,"Acacias, Madrid","Dúplex luminoso con tres dormitorios, dos baños y aseo de cortesía. Zona tranquila y bien comunicada.","[""https://example.invalid/sample/12/0.jpg"", ""https://example.invalid/sample/12/1.jpg"", ""https://example.invalid/sample/12/2.jpg"", ""https://example.invalid/sample/12/3.jpg"", ""https://example.invalid/sample/12/4.jpg"", ""https://example.invalid/sample/12/5.jpg"", ""https://example.invalid/sample/12/6.jpg"", ""https://example.invalid/sample/12/7.jpg"", ""https://example.invalid/sample/12/8.jpg"", ""https://example.invalid/sample/12/9.jpg"", ""https://example.invalid/sample/12/10.jpg""]",11,Arganzuela,25.25,5
https://www.idealista.com/inmueble/900000013/,2925.0,Sample listing #14,136,4.0,2.0,planta 5ª,True,True,True,True,True,True,True,False,"Vallecas, Madrid","Dúplex luminoso con tres dormitorios, dos baños y aseo de cortesía. Zona tranquila y bien comunicada.","[""https://example.invalid/sample/13/0.jpg"", ""https://example.invalid/sample/13/1.jpg"", ""https://example.invalid/sample/13/2.jpg"", ""https://example.invalid/sample/13/3.jpg"", ""https://example.invalid/sample/13/4.jpg"", ""https://example.invalid/sample/13/5.jpg"", ""https://example.invalid/sample/13/6.jpg"", ""https://example.invalid/sample/13/7.jpg"", ""https://example.invalid/sample/13/8.jpg"", ""https://example.invalid/sample/13/9.jpg"", ""https://example.invalid/sample/13/10.jpg"", ""https://example.invalid/sample/13/11.jpg"", ""https://example.invalid/sample/13/12.jpg"", ""https://example.invalid/sample/13/13.jpg"", ""https://example.invalid/sample/13/14.jpg"", ""https://example.invalid/sample/13/15.jpg"", ""https://example.invalid/sample/13/16.jpg"", ""https://example.invalid/sample/13/17.jpg"", ""https://example.invalid/sample/13/18.jpg"", ""https://example.invalid/sample/13/19.jpg"", ""https://example.invalid/sample/13/20.jpg"", ""https://example.invalid/sample/13/21.jpg"", ""https://example.invalid/sample/13/22.jpg""]",23,Sur-Sureste,21.51,5
https://www.idealista.com/inmueble/900000014/,1305.0,Sample listing #15,54,2.0,2.0,planta 4ª,True,False,False,True,True,True,False,True,"Acacias, Madrid","Dúplex luminoso con tres dormitorios, dos baños y aseo de cortesía. Zona tranquila y bien comunicada.","[""https://example.invalid/sample/14/0.jpg"", ""https://example.invalid/sample/14/1.jpg"", ""https://example.invalid/sample/14/2.jpg"", ""https://example.invalid/sample/14/3.jpg"", ""https://example.invalid/sample/14/4.jpg"", ""https://example.invalid/sample/14/5.jpg"", ""https://example.invalid/sample/14/6.jpg"", ""https://example.invalid/sample/14/7.jpg"", ""https://example.invalid/sample/14/8.jpg"", ""https://example.invalid/sample/14/9.jpg"", ""https://example.invalid/sample/14/10.jpg"", ""https://example.invalid/sample/14/11.jpg"", ""https://example.invalid/sample/14/12.jpg"", ""https://example.invalid/sample/14/13.jpg"", ""https://example.invalid/sample/14/14.jpg"", ""https://example.invalid/sample/14/15.jpg"", ""https://example.invalid/sample/14/16.jpg"", ""https://example.invalid/sample/14/17.jpg"", ""https://example.invalid/sample/14/18.jpg"", ""https://example.invalid/sample/14/19.jpg"", ""https://example.invalid/sample/14/20.jpg"", ""https://example.invalid/sample/14/21.jpg"", ""https://example.invalid/sample/14/22.jpg"", ""https://example.invalid/sample/14/23.jpg"", ""https://example.invalid/sample/14/24.jpg"", ""https://example.invalid/sample/14/25.jpg"", ""https://example.invalid/sample/14/26.jpg"", ""https://example.invalid/sample/14/27.jpg""]",28,Arganzuela,24.17,4
https://www.idealista.com/inmueble/900000015/,2336.0,Sample listing #16,93,3.0,2.0,planta 1ª,False,False,False,False,True,False,True,True,"Conde Orgaz-Piovera, Madrid","Vivienda completamente amueblada en zona prime, ideal para profesionales. Calefacción central y aire acondicionado.","[""https://example.invalid/sample/15/0.jpg"", ""https://example.invalid/sample/15/1.jpg"", ""https://example.invalid/sample/15/2.jpg"", ""https://example.invalid/sample/15/3.jpg"", ""https://example.invalid/sample/15/4.jpg"", ""https://example.invalid/sample/15/5.jpg"", ""https://example.invalid/sample/15/6.jpg"", ""https://example.invalid/sample/15/7.jpg"", ""https://example.invalid/sample/15/8.jpg"", ""https://example.invalid/sample/15/9.jpg"", ""https://example.invalid/sample/15/10.jpg"", ""https://example.invalid/sample/15/11.jpg"", ""https://example.invalid/sample/15/12.jpg"", ""https://example.invalid/sample/15/13.jpg"", ""https://example.invalid/sample/15/14.jpg"", ""https://example.invalid/sample/15/15.jpg"", ""https://example.invalid/sample/15/16.jpg"", ""https://example.invalid/sample/15/17.jpg"", ""https://example.invalid/sample/15/18.jpg"", ""https://example.invalid/sample/15/19.jpg"", ""https://example.invalid/sample/15/20.jpg"", ""https://example.invalid/sample/15/21.jpg"", ""https://example.invalid/sample/15/22.jpg"", ""https://example.invalid/sample/15/23.jpg"", ""https://example.invalid/sample/15/24.jpg"", ""https://example.invalid/sample/15/25.jpg""]",26,Norte,25.12,1
https://www.idealista.com/inmueble/900000016/,1346.0,Sample listing #17,20,1.0,1.0,planta 6ª,True,True,False,False,False,True,True,True,"Almagro, Madrid","Dúplex luminoso con tres dormitorios, dos baños y aseo de cortesía. Zona tranquila y bien comunicada.","[""https://example.invalid/sample/16/0.jpg"", ""https://example.invalid/sample/16/1.jpg"", ""https://example.invalid/sample/16/2.jpg"", ""https://example.invalid/sample/16/3.jpg"", ""https://example.invalid/sample/16/4.jpg"", ""https://example.invalid/sample/16/5.jpg"", ""https://example.invalid/sample/16/6.jpg"", ""https://example.invalid/sample/16/7.jpg"", ""https://example.invalid/sample/16/8.jpg"", ""https://example.invalid/sample/16/9.jpg"", ""https://example.invalid/sample/16/10.jpg"", ""https://example.invalid/sample/16/11.jpg"", ""https://example.invalid/sample/16/12.jpg"", ""https://example.invalid/sample/16/13.jpg"", ""https://example.invalid/sample/16/14.jpg"", ""https://example.invalid/sample/16/15.jpg"", ""https://example.invalid/sample/16/16.jpg"", ""https://example.invalid/sample/16/17.jpg"", ""https://example.invalid/sample/16/18.jpg"", ""https://example.invalid/sample/16/19.jpg"", ""https://example.invalid/sample/16/20.jpg"", ""https://example.invalid/sample/16/21.jpg"", ""https://example.invalid/sample/16/22.jpg"", ""https://example.invalid/sample/16/23.jpg""]",24,Chamberí,67.3,6
https://www.idealista.com/inmueble/900000017/,4882.0,Sample listing #18,186,5.0,3.0,planta 1ª,True,True,False,True,True,True,True,True,"Acacias, Madrid","Ático con terraza panorámica, dos dormitorios, dos baños. Plaza de garaje y trastero incluidos.","[""https://example.invalid/sample/17/0.jpg"", ""https://example.invalid/sample/17/1.jpg"", ""https://example.invalid/sample/17/2.jpg"", ""https://example.invalid/sample/17/3.jpg"", ""https://example.invalid/sample/17/4.jpg"", ""https://example.invalid/sample/17/5.jpg"", ""https://example.invalid/sample/17/6.jpg"", ""https://example.invalid/sample/17/7.jpg"", ""https://example.invalid/sample/17/8.jpg""]",9,Arganzuela,26.25,1
https://www.idealista.com/inmueble/900000018/,2267.0,Sample listing #19,65,2.0,2.0,planta 2ª,True,False,False,True,True,True,True,False,"Castellana, Madrid","Dúplex luminoso con tres dormitorios, dos baños y aseo de cortesía. Zona tranquila y bien comunicada.","[""https://example.invalid/sample/18/0.jpg"", ""https://example.invalid/sample/18/1.jpg"", ""https://example.invalid/sample/18/2.jpg"", ""https://example.invalid/sample/18/3.jpg"", ""https://example.invalid/sample/18/4.jpg"", ""https://example.invalid/sample/18/5.jpg"", ""https://example.invalid/sample/18/6.jpg"", ""https://example.invalid/sample/18/7.jpg"", ""https://example.invalid/sample/18/8.jpg"", ""https://example.invalid/sample/18/9.jpg"", ""https://example.invalid/sample/18/10.jpg"", ""https://example.invalid/sample/18/11.jpg"", ""https://example.invalid/sample/18/12.jpg"", ""https://example.invalid/sample/18/13.jpg"", ""https://example.invalid/sample/18/14.jpg"", ""https://example.invalid/sample/18/15.jpg"", ""https://example.invalid/sample/18/16.jpg""]",17,Salamanca-Retiro,34.88,2
https://www.idealista.com/inmueble/900000019/,1188.0,Sample listing #20,46,2.0,2.0,planta 6ª,False,False,False,False,True,True,False,True,"Trafalgar, Madrid","Piso clásico en finca señorial, techos altos, suelos de tarima. Necesita pequeñas actualizaciones.","[""https://example.invalid/sample/19/0.jpg"", ""https://example.invalid/sample/19/1.jpg"", ""https://example.invalid/sample/19/2.jpg"", ""https://example.invalid/sample/19/3.jpg"", ""https://example.invalid/sample/19/4.jpg"", ""https://example.invalid/sample/19/5.jpg"", ""https://example.invalid/sample/19/6.jpg"", ""https://example.invalid/sample/19/7.jpg"", ""https://example.invalid/sample/19/8.jpg"", ""https://example.invalid/sample/19/9.jpg"", ""https://example.invalid/sample/19/10.jpg"", ""https://example.invalid/sample/19/11.jpg"", ""https://example.invalid/sample/19/12.jpg"", ""https://example.invalid/sample/19/13.jpg"", ""https://example.invalid/sample/19/14.jpg"", ""https://example.invalid/sample/19/15.jpg"", ""https://example.invalid/sample/19/16.jpg"", ""https://example.invalid/sample/19/17.jpg"", ""https://example.invalid/sample/19/18.jpg""]",19,Chamberí,25.83,6
https://www.idealista.com/inmueble/900000020/,3597.0,Sample listing #21,136,3.0,2.0,planta 4ª,True,True,False,True,True,True,False,False,"Almagro, Madrid","Apartamento moderno con terraza, vistas despejadas y excelente iluminación natural. Edificio con ascensor.","[""https://example.invalid/sample/20/0.jpg"", ""https://example.invalid/sample/20/1.jpg"", ""https://example.invalid/sample/20/2.jpg"", ""https://example.invalid/sample/20/3.jpg"", ""https://example.invalid/sample/20/4.jpg"", ""https://example.invalid/sample/20/5.jpg"", ""https://example.invalid/sample/20/6.jpg"", ""https://example.invalid/sample/20/7.jpg"", ""https://example.invalid/sample/20/8.jpg"", ""https://example.invalid/sample/20/9.jpg"", ""https://example.invalid/sample/20/10.jpg"", ""https://example.invalid/sample/20/11.jpg"", ""https://example.invalid/sample/20/12.jpg"", ""https://example.invalid/sample/20/13.jpg"", ""https://example.invalid/sample/20/14.jpg"", ""https://example.invalid/sample/20/15.jpg"", ""https://example.invalid/sample/20/16.jpg"", ""https://example.invalid/sample/20/17.jpg"", ""https://example.invalid/sample/20/18.jpg"", ""https://example.invalid/sample/20/19.jpg"", ""https://example.invalid/sample/20/20.jpg"", ""https://example.invalid/sample/20/21.jpg"", ""https://example.invalid/sample/20/22.jpg""]",23,Chamberí,26.45,4
https://www.idealista.com/inmueble/900000021/,4017.0,Sample listing #22,130,5.0,3.0,planta 2ª,False,False,False,True,True,True,False,True,"Castellana, Madrid","Ático con terraza panorámica, dos dormitorios, dos baños. Plaza de garaje y trastero incluidos.","[""https://example.invalid/sample/21/0.jpg"", ""https://example.invalid/sample/21/1.jpg"", ""https://example.invalid/sample/21/2.jpg"", ""https://example.invalid/sample/21/3.jpg"", ""https://example.invalid/sample/21/4.jpg"", ""https://example.invalid/sample/21/5.jpg"", ""https://example.invalid/sample/21/6.jpg"", ""https://example.invalid/sample/21/7.jpg"", ""https://example.invalid/sample/21/8.jpg"", ""https://example.invalid/sample/21/9.jpg"", ""https://example.invalid/sample/21/10.jpg"", ""https://example.invalid/sample/21/11.jpg"", ""https://example.invalid/sample/21/12.jpg"", ""https://example.invalid/sample/21/13.jpg"", ""https://example.invalid/sample/21/14.jpg"", ""https://example.invalid/sample/21/15.jpg"", ""https://example.invalid/sample/21/16.jpg"", ""https://example.invalid/sample/21/17.jpg"", ""https://example.invalid/sample/21/18.jpg"", ""https://example.invalid/sample/21/19.jpg"", ""https://example.invalid/sample/21/20.jpg"", ""https://example.invalid/sample/21/21.jpg"", ""https://example.invalid/sample/21/22.jpg""]",23,Salamanca-Retiro,30.9,2
https://www.idealista.com/inmueble/900000022/,2205.0,Sample listing #23,87,4.0,3.0,planta 4ª,False,True,False,False,True,False,False,False,"Las Tablas, Madrid","Piso reformado y luminoso en el centro de Madrid. Cocina equipada, salón amplio, dormitorio con armario empotrado.","[""https://example.invalid/sample/22/0.jpg"", ""https://example.invalid/sample/22/1.jpg"", ""https://example.invalid/sample/22/2.jpg"", ""https://example.invalid/sample/22/3.jpg"", ""https://example.invalid/sample/22/4.jpg"", ""https://example.invalid/sample/22/5.jpg"", ""https://example.invalid/sample/22/6.jpg"", ""https://example.invalid/sample/22/7.jpg"", ""https://example.invalid/sample/22/8.jpg"", ""https://example.invalid/sample/22/9.jpg"", ""https://example.invalid/sample/22/10.jpg"", ""https://example.invalid/sample/22/11.jpg"", ""https://example.invalid/sample/22/12.jpg""]",13,Periferia Norte,25.34,4
https://www.idealista.com/inmueble/900000023/,598.0,Sample listing #24,61,2.0,2.0,planta 3ª,True,False,False,True,True,False,True,True,"Vicálvaro, Madrid","Piso clásico en finca señorial, techos altos, suelos de tarima. Necesita pequeñas actualizaciones.","[""https://example.invalid/sample/23/0.jpg"", ""https://example.invalid/sample/23/1.jpg"", ""https://example.invalid/sample/23/2.jpg"", ""https://example.invalid/sample/23/3.jpg"", ""https://example.invalid/sample/23/4.jpg"", ""https://example.invalid/sample/23/5.jpg"", ""https://example.invalid/sample/23/6.jpg"", ""https://example.invalid/sample/23/7.jpg"", ""https://example.invalid/sample/23/8.jpg""]",9,Sur-Sureste,9.8,3
https://www.idealista.com/inmueble/900000024/,2799.0,Sample listing #25,114,3.0,2.0,planta 2ª,False,True,False,True,True,True,False,False,"Hispanoamérica, Madrid","Piso clásico en finca señorial, techos altos, suelos de tarima. Necesita pequeñas actualizaciones.","[""https://example.invalid/sample/24/0.jpg"", ""https://example.invalid/sample/24/1.jpg"", ""https://example.invalid/sample/24/2.jpg"", ""https://example.invalid/sample/24/3.jpg"", ""https://example.invalid/sample/24/4.jpg"", ""https://example.invalid/sample/24/5.jpg"", ""https://example.invalid/sample/24/6.jpg"", ""https://example.invalid/sample/24/7.jpg"", ""https://example.invalid/sample/24/8.jpg"", ""https://example.invalid/sample/24/9.jpg"", ""https://example.invalid/sample/24/10.jpg"", ""https://example.invalid/sample/24/11.jpg"", ""https://example.invalid/sample/24/12.jpg"", ""https://example.invalid/sample/24/13.jpg"", ""https://example.invalid/sample/24/14.jpg"", ""https://example.invalid/sample/24/15.jpg""]",16,Norte,24.55,2
https://www.idealista.com/inmueble/900000025/,1899.0,Sample listing #26,58,1.0,1.0,planta 3ª,False,False,False,True,False,True,True,False,"Goya, Madrid","Piso reformado y luminoso en el centro de Madrid. Cocina equipada, salón amplio, dormitorio con armario empotrado.","[""https://example.invalid/sample/25/0.jpg"", ""https://example.invalid/sample/25/1.jpg"", ""https://example.invalid/sample/25/2.jpg"", ""https://example.invalid/sample/25/3.jpg"", ""https://example.invalid/sample/25/4.jpg"", ""https://example.invalid/sample/25/5.jpg"", ""https://example.invalid/sample/25/6.jpg"", ""https://example.invalid/sample/25/7.jpg"", ""https://example.invalid/sample/25/8.jpg"", ""https://example.invalid/sample/25/9.jpg"", ""https://example.invalid/sample/25/10.jpg"", ""https://example.invalid/sample/25/11.jpg"", ""https://example.invalid/sample/25/12.jpg"", ""https://example.invalid/sample/25/13.jpg"", ""https://example.invalid/sample/25/14.jpg"", ""https://example.invalid/sample/25/15.jpg"", ""https://example.invalid/sample/25/16.jpg"", ""https://example.invalid/sample/25/17.jpg"", ""https://example.invalid/sample/25/18.jpg"", ""https://example.invalid/sample/25/19.jpg"", ""https://example.invalid/sample/25/20.jpg"", ""https://example.invalid/sample/25/21.jpg"", ""https://example.invalid/sample/25/22.jpg""]",23,Salamanca-Retiro,32.74,3
https://www.idealista.com/inmueble/900000026/,2675.0,Sample listing #27,130,3.0,2.0,planta 3ª,True,False,False,True,False,False,False,False,"Sanchinarro, Madrid","Piso reformado y luminoso en el centro de Madrid. Cocina equipada, salón amplio, dormitorio con armario empotrado.","[""https://example.invalid/sample/26/0.jpg"", ""https://example.invalid/sample/26/1.jpg"", ""https://example.invalid/sample/26/2.jpg"", ""https://example.invalid/sample/26/3.jpg"", ""https://example.invalid/sample/26/4.jpg"", ""https://example.invalid/sample/26/5.jpg"", ""https://example.invalid/sample/26/6.jpg"", ""https://example.invalid/sample/26/7.jpg"", ""https://example.invalid/sample/26/8.jpg"", ""https://example.invalid/sample/26/9.jpg""]",10,Periferia Norte,20.58,3
https://www.idealista.com/inmueble/900000027/,1319.0,Sample listing #28,61,2.0,2.0,planta 6ª,True,True,False,True,False,True,True,True,"Vicálvaro, Madrid","Apartamento moderno con terraza, vistas despejadas y excelente iluminación natural. Edificio con ascensor.","[""https://example.invalid/sample/27/0.jpg"", ""https://example.invalid/sample/27/1.jpg"", ""https://example.invalid/sample/27/2.jpg"", ""https://example.invalid/sample/27/3.jpg"", ""https://example.invalid/sample/27/4.jpg"", ""https://example.invalid/sample/27/5.jpg"", ""https://example.invalid/sample/27/6.jpg"", ""https://example.invalid/sample/27/7.jpg"", ""https://example.invalid/sample/27/8.jpg""]",9,Sur-Sureste,21.62,6
https://www.idealista.com/inmueble/900000028/,993.0,Sample listing #29,39,1.0,1.0,planta 1ª,False,False,False,False,True,True,True,False,"Acacias, Madrid","Estudio céntrico cerca del metro, perfecto para una persona. Recientemente reformado con calidades modernas.","[""https://example.invalid/sample/28/0.jpg"", ""https://example.invalid/sample/28/1.jpg"", ""https://example.invalid/sample/28/2.jpg"", ""https://example.invalid/sample/28/3.jpg"", ""https://example.invalid/sample/28/4.jpg"", ""https://example.invalid/sample/28/5.jpg"", ""https://example.invalid/sample/28/6.jpg"", ""https://example.invalid/sample/28/7.jpg"", ""https://example.invalid/sample/28/8.jpg"", ""https://example.invalid/sample/28/9.jpg"", ""https://example.invalid/sample/28/10.jpg"", ""https://example.invalid/sample/28/11.jpg"", ""https://example.invalid/sample/28/12.jpg"", ""https://example.invalid/sample/28/13.jpg"", ""https://example.invalid/sample/28/14.jpg"", ""https://example.invalid/sample/28/15.jpg"", ""https://example.invalid/sample/28/16.jpg"", ""https://example.invalid/sample/28/17.jpg"", ""https://example.invalid/sample/28/18.jpg"", ""https://example.invalid/sample/28/19.jpg"", ""https://example.invalid/sample/28/20.jpg"", ""https://example.invalid/sample/28/21.jpg"", ""https://example.invalid/sample/28/22.jpg"", ""https://example.invalid/sample/28/23.jpg""]",24,Arganzuela,25.46,1
https://www.idealista.com/inmueble/900000029/,901.0,Sample listing #30,55,1.0,1.0,planta 1ª,False,False,False,True,True,True,False,False,"Las Tablas, Madrid","Vivienda completamente amueblada en zona prime, ideal para profesionales. Calefacción central y aire acondicionado.","[""https://example.invalid/sample/29/0.jpg"", ""https://example.invalid/sample/29/1.jpg"", ""https://example.invalid/sample/29/2.jpg"", ""https://example.invalid/sample/29/3.jpg"", ""https://example.invalid/sample/29/4.jpg"", ""https://example.invalid/sample/29/5.jpg"", ""https://example.invalid/sample/29/6.jpg"", ""https://example.invalid/sample/29/7.jpg"", ""https://example.invalid/sample/29/8.jpg"", ""https://example.invalid/sample/29/9.jpg"", ""https://example.invalid/sample/29/10.jpg""]",11,Periferia Norte,16.38,1
https://www.idealista.com/inmueble/900000030/,1910.0,Sample listing #31,66,2.0,1.0,planta 5ª,True,True,False,True,True,True,False,False,"Trafalgar, Madrid","Apartamento moderno con terraza, vistas despejadas y excelente iluminación natural. Edificio con ascensor.","[""https://example.invalid/sample/30/0.jpg"", ""https://example.invalid/sample/30/1.jpg"", ""https://example.invalid/sample/30/2.jpg"", ""https://example.invalid/sample/30/3.jpg"", ""https://example.invalid/sample/30/4.jpg"", ""https://example.invalid/sample/30/5.jpg"", ""https://example.invalid/sample/30/6.jpg"", ""https://example.invalid/sample/30/7.jpg"", ""https://example.invalid/sample/30/8.jpg"", ""https://example.invalid/sample/30/9.jpg"", ""https://example.invalid/sample/30/10.jpg""]",11,Chamberí,28.94,5
https://www.idealista.com/inmueble/900000031/,2549.0,Sample listing #32,97,4.0,3.0,planta 1ª,True,True,False,True,True,True,True,False,"Hispanoamérica, Madrid","Ático con terraza panorámica, dos dormitorios, dos baños. Plaza de garaje y trastero incluidos.","[""https://example.invalid/sample/31/0.jpg"", ""https://example.invalid/sample/31/1.jpg"", ""https://example.invalid/sample/31/2.jpg"", ""https://example.invalid/sample/31/3.jpg"", ""https://example.invalid/sample/31/4.jpg"", ""https://example.invalid/sample/31/5.jpg"", ""https://example.invalid/sample/31/6.jpg"", ""https://example.invalid/sample/31/7.jpg"", ""https://example.invalid/sample/31/8.jpg"", ""https://example.invalid/sample/31/9.jpg"", ""https://example.invalid/sample/31/10.jpg"", ""https://example.invalid/sample/31/11.jpg"", ""https://example.invalid/sample/31/12.jpg"", ""https://example.invalid/sample/31/13.jpg""]",14,Norte,26.28,1
https://www.idealista.com/inmueble/900000032/,2234.0,Sample listing #33,74,4.0,3.0,planta 3ª,False,False,False,True,True,True,False,False,"Aravaca, Madrid","Estudio céntrico cerca del metro, perfecto para una persona. Recientemente reformado con calidades modernas.","[""https://example.invalid/sample/32/0.jpg"", ""https://example.invalid/sample/32/1.jpg"", ""https://example.invalid/sample/32/2.jpg"", ""https://example.invalid/sample/32/3.jpg"", ""https://example.invalid/sample/32/4.jpg"", ""https://example.invalid/sample/32/5.jpg"", ""https://example.invalid/sample/32/6.jpg"", ""https://example.invalid/sample/32/7.jpg"", ""https://example.invalid/sample/32/8.jpg"", ""https://example.invalid/sample/32/9.jpg"", ""https://example.invalid/sample/32/10.jpg"", ""https://example.invalid/sample/32/11.jpg"", ""https://example.invalid/sample/32/12.jpg"", ""https://example.invalid/sample/32/13.jpg"", ""https://example.invalid/sample/32/14.jpg""]",15,Oeste,30.19,3
https://www.idealista.com/inmueble/900000033/,3543.0,Sample listing #34,135,5.0,3.0,planta 3ª,False,True,False,True,True,True,False,True,"Pozuelo, Madrid","Piso reformado y luminoso en el centro de Madrid. Cocina equipada, salón amplio, dormitorio con armario empotrado.","[""https://example.invalid/sample/33/0.jpg"", ""https://example.invalid/sample/33/1.jpg"", ""https://example.invalid/sample/33/2.jpg"", ""https://example.invalid/sample/33/3.jpg"", ""https://example.invalid/sample/33/4.jpg"", ""https://example.invalid/sample/33/5.jpg"", ""https://example.invalid/sample/33/6.jpg"", ""https://example.invalid/sample/33/7.jpg"", ""https://example.invalid/sample/33/8.jpg"", ""https://example.invalid/sample/33/9.jpg"", ""https://example.invalid/sample/33/10.jpg"", ""https://example.invalid/sample/33/11.jpg"", ""https://example.invalid/sample/33/12.jpg"", ""https://example.invalid/sample/33/13.jpg""]",14,Oeste,26.24,3
https://www.idealista.com/inmueble/900000034/,1120.0,Sample listing #35,74,3.0,1.0,planta 0ª,False,True,True,True,True,True,False,False,"Sanchinarro, Madrid","Estudio céntrico cerca del metro, perfecto para una persona. Recientemente reformado con calidades modernas.","[""https://example.invalid/sample/34/0.jpg"", ""https://example.invalid/sample/34/1.jpg"", ""https://example.invalid/sample/34/2.jpg"", ""https://example.invalid/sample/34/3.jpg"", ""https://example.invalid/sample/34/4.jpg"", ""https://example.invalid/sample/34/5.jpg"", ""https://example.invalid/sample/34/6.jpg"", ""https://example.invalid/sample/34/7.jpg"", ""https://example.invalid/sample/34/8.jpg"", ""https://example.invalid/sample/34/9.jpg"", ""https://example.invalid/sample/34/10.jpg"", ""https://example.invalid/sample/34/11.jpg"", ""https://example.invalid/sample/34/12.jpg"", ""https://example.invalid/sample/34/13.jpg"", ""https://example.invalid/sample/34/14.jpg"", ""https://example.invalid/sample/34/15.jpg"", ""https://example.invalid/sample/34/16.jpg"", ""https://example.invalid/sample/34/17.jpg"", ""https://example.invalid/sample/34/18.jpg"", ""https://example.invalid/sample/34/19.jpg"", ""https://example.invalid/sample/34/20.jpg"", ""https://example.invalid/sample/34/21.jpg"", ""https://example.invalid/sample/34/22.jpg"", ""https://example.invalid/sample/34/23.jpg""]",24,Periferia Norte,15.14,0
https://www.idealista.com/inmueble/900000035/,2303.0,Sample listing #36,101,2.0,1.0,planta 4ª,True,True,True,True,True,False,False,False,"Conde Orgaz-Piovera, Madrid","Piso clásico en finca señorial, techos altos, suelos de tarima. Necesita pequeñas actualizaciones.","[""https://example.invalid/sample/35/0.jpg"", ""https://example.invalid/sample/35/1.jpg"", ""https://example.invalid/sample/35/2.jpg"", ""https://example.invalid/sample/35/3.jpg"", ""https://example.invalid/sample/35/4.jpg"", ""https://example.invalid/sample/35/5.jpg"", ""https://example.invalid/sample/35/6.jpg"", ""https://example.invalid/sample/35/7.jpg"", ""https://example.invalid/sample/35/8.jpg"", ""https://example.invalid/sample/35/9.jpg"", ""https://example.invalid/sample/35/10.jpg"", ""https://example.invalid/sample/35/11.jpg"", ""https://example.invalid/sample/35/12.jpg"", ""https://example.invalid/sample/35/13.jpg"", ""https://example.invalid/sample/35/14.jpg"", ""https://example.invalid/sample/35/15.jpg"", ""https://example.invalid/sample/35/16.jpg"", ""https://example.invalid/sample/35/17.jpg"", ""https://example.invalid/sample/35/18.jpg"", ""https://example.invalid/sample/35/19.jpg"", ""https://example.invalid/sample/35/20.jpg"", ""https://example.invalid/sample/35/21.jpg"", ""https://example.invalid/sample/35/22.jpg"", ""https://example.invalid/sample/35/23.jpg"", ""https://example.invalid/sample/35/24.jpg"", ""https://example.invalid/sample/35/25.jpg"", ""https://example.invalid/sample/35/26.jpg"", ""https://example.invalid/sample/35/27.jpg"", ""https://example.invalid/sample/35/28.jpg""]",29,Norte,22.8,4
https://www.idealista.com/inmueble/900000036/,3085.0,Sample listing #37,134,4.0,3.0,planta 5ª,True,True,True,False,True,True,False,False,"Vallecas, Madrid","Dúplex luminoso con tres dormitorios, dos baños y aseo de cortesía. Zona tranquila y bien comunicada.","[""https://example.invalid/sample/36/0.jpg"", ""https://example.invalid/sample/36/1.jpg"", ""https://example.invalid/sample/36/2.jpg"", ""https://example.invalid/sample/36/3.jpg"", ""https://example.invalid/sample/36/4.jpg"", ""https://example.invalid/sample/36/5.jpg"", ""https://example.invalid/sample/36/6.jpg"", ""https://example.invalid/sample/36/7.jpg"", ""https://example.invalid/sample/36/8.jpg"", ""https://example.invalid/sample/36/9.jpg"", ""https://example.invalid/sample/36/10.jpg"", ""https://example.invalid/sample/36/11.jpg"", ""https://example.invalid/sample/36/12.jpg"", ""https://example.invalid/sample/36/13.jpg"", ""https://example.invalid/sample/36/14.jpg"", ""https://example.invalid/sample/36/15.jpg"", ""https://example.invalid/sample/36/16.jpg"", ""https://example.invalid/sample/36/17.jpg"", ""https://example.invalid/sample/36/18.jpg"", ""https://example.invalid/sample/36/19.jpg""]",20,Sur-Sureste,23.02,5
https://www.idealista.com/inmueble/900000037/,835.0,Sample listing #38,57,1.0,1.0,planta 4ª,True,False,True,True,True,True,False,False,"Vallecas, Madrid","Estudio céntrico cerca del metro, perfecto para una persona. Recientemente reformado con calidades modernas.","[""https://example.invalid/sample/37/0.jpg"", ""https://example.invalid/sample/37/1.jpg"", ""https://example.invalid/sample/37/2.jpg"", ""https://example.invalid/sample/37/3.jpg"", ""https://example.invalid/sample/37/4.jpg"", ""https://example.invalid/sample/37/5.jpg"", ""https://example.invalid/sample/37/6.jpg"", ""https://example.invalid/sample/37/7.jpg"", ""https://example.invalid/sample/37/8.jpg"", ""https://example.invalid/sample/37/9.jpg"", ""https://example.invalid/sample/37/10.jpg"", ""https://example.invalid/sample/37/11.jpg"", ""https://example.invalid/sample/37/12.jpg"", ""https://example.invalid/sample/37/13.jpg"", ""https://example.invalid/sample/37/14.jpg"", ""https://example.invalid/sample/37/15.jpg"", ""https://example.invalid/sample/37/16.jpg"", ""https://example.invalid/sample/37/17.jpg"", ""https://example.invalid/sample/37/18.jpg"", ""https://example.invalid/sample/37/19.jpg"", ""https://example.invalid/sample/37/20.jpg"", ""https://example.invalid/sample/37/21.jpg"", ""https://example.invalid/sample/37/22.jpg"", ""https://example.invalid/sample/37/23.jpg""]",24,Sur-Sureste,14.65,4
https://www.idealista.com/inmueble/900000038/,1448.0,Sample listing #39,81,3.0,2.0,planta 6ª,True,True,True,True,False,True,True,False,"Vicálvaro, Madrid","Vivienda completamente amueblada en zona prime, ideal para profesionales. Calefacción central y aire acondicionado.","[""https://example.invalid/sample/38/0.jpg"", ""https://example.invalid/sample/38/1.jpg"", ""https://example.invalid/sample/38/2.jpg"", ""https://example.invalid/sample/38/3.jpg"", ""https://example.invalid/sample/38/4.jpg"", ""https://example.invalid/sample/38/5.jpg"", ""https://example.invalid/sample/38/6.jpg"", ""https://example.invalid/sample/38/7.jpg"", ""https://example.invalid/sample/38/8.jpg"", ""https://example.invalid/sample/38/9.jpg"", ""https://example.invalid/sample/38/10.jpg"", ""https://example.invalid/sample/38/11.jpg""]",12,Sur-Sureste,17.88,6
https://www.idealista.com/inmueble/900000039/,1749.0,Sample listing #40,62,2.0,1.0,planta 3ª,True,False,False,False,True,True,False,False,"Trafalgar, Madrid","Estudio céntrico cerca del metro, perfecto para una persona. Recientemente reformado con calidades modernas.","[""https://example.invalid/sample/39/0.jpg"", ""https://example.invalid/sample/39/1.jpg"", ""https://example.invalid/sample/39/2.jpg"", ""https://example.invalid/sample/39/3.jpg"", ""https://example.invalid/sample/39/4.jpg"", ""https://example.invalid/sample/39/5.jpg"", ""https://example.invalid/sample/39/6.jpg"", ""https://example.invalid/sample/39/7.jpg"", ""https://example.invalid/sample/39/8.jpg"", ""https://example.invalid/sample/39/9.jpg"", ""https://example.invalid/sample/39/10.jpg"", ""https://example.invalid/sample/39/11.jpg"", ""https://example.invalid/sample/39/12.jpg"", ""https://example.invalid/sample/39/13.jpg"", ""https://example.invalid/sample/39/14.jpg"", ""https://example.invalid/sample/39/15.jpg"", ""https://example.invalid/sample/39/16.jpg"", ""https://example.invalid/sample/39/17.jpg"", ""https://example.invalid/sample/39/18.jpg"", ""https://example.invalid/sample/39/19.jpg"", ""https://example.invalid/sample/39/20.jpg"", ""https://example.invalid/sample/39/21.jpg"", ""https://example.invalid/sample/39/22.jpg""]",23,Chamberí,28.21,3
https://www.idealista.com/inmueble/900000040/,1829.0,Sample listing #41,74,2.0,2.0,planta 4ª,True,False,False,False,True,False,False,False,"Almagro, Madrid","Piso reformado y luminoso en el centro de Madrid. Cocina equipada, salón amplio, dormitorio con armario empotrado.","[""https://example.invalid/sample/40/0.jpg"", ""https://example.invalid/sample/40/1.jpg"", ""https://example.invalid/sample/40/2.jpg"", ""https://example.invalid/sample/40/3.jpg"", ""https://example.invalid/sample/40/4.jpg"", ""https://example.invalid/sample/40/5.jpg"", ""https://example.invalid/sample/40/6.jpg"", ""https://example.invalid/sample/40/7.jpg"", ""https://example.invalid/sample/40/8.jpg"", ""https://example.invalid/sample/40/9.jpg""]",10,Chamberí,24.72,4
https://www.idealista.com/inmueble/900000041/,1610.0,Sample listing #42,70,2.0,2.0,planta 3ª,True,False,True,True,True,False,False,True,"Trafalgar, Madrid","Piso reformado y luminoso en el centro de Madrid. Cocina equipada, salón amplio, dormitorio con armario empotrado.","[""https://example.invalid/sample/41/0.jpg"", ""https://example.invalid/sample/41/1.jpg"", ""https://example.invalid/sample/41/2.jpg"", ""https://example.invalid/sample/41/3.jpg"", ""https://example.invalid/sample/41/4.jpg"", ""https://example.invalid/sample/41/5.jpg"", ""https://example.invalid/sample/41/6.jpg"", ""https://example.invalid/sample/41/7.jpg"", ""https://example.invalid/sample/41/8.jpg"", ""https://example.invalid/sample/41/9.jpg"", ""https://example.invalid/sample/41/10.jpg"", ""https://example.invalid/sample/41/11.jpg"", ""https://example.invalid/sample/41/12.jpg"", ""https://example.invalid/sample/41/13.jpg"", ""https://example.invalid/sample/41/14.jpg"", ""https://example.invalid/sample/41/15.jpg""]",16,Chamberí,23.0,3
https://www.idealista.com/inmueble/900000042/,1229.0,Sample listing #43,48,2.0,1.0,planta 5ª,False,False,True,True,True,False,True,False,"Aravaca, Madrid","Apartamento moderno con terraza, vistas despejadas y excelente iluminación natural. Edificio con ascensor.","[""https://example.invalid/sample/42/0.jpg"", ""https://example.invalid/sample/42/1.jpg"", ""https://example.invalid/sample/42/2.jpg"", ""https://example.invalid/sample/42/3.jpg"", ""https://example.invalid/sample/42/4.jpg"", ""https://example.invalid/sample/42/5.jpg"", ""https://example.invalid/sample/42/6.jpg"", ""https://example.invalid/sample/42/7.jpg"", ""https://example.invalid/sample/42/8.jpg"", ""https://example.invalid/sample/42/9.jpg"", ""https://example.invalid/sample/42/10.jpg"", ""https://example.invalid/sample/42/11.jpg"", ""https://example.invalid/sample/42/12.jpg"", ""https://example.invalid/sample/42/13.jpg"", ""https://example.invalid/sample/42/14.jpg"", ""https://example.invalid/sample/42/15.jpg"", ""https://example.invalid/sample/42/16.jpg"", ""https://example.invalid/sample/42/17.jpg"", ""https://example.invalid/sample/42/18.jpg"", ""https://example.invalid/sample/42/19.jpg"", ""https://example.invalid/sample/42/20.jpg"", ""https://example.invalid/sample/42/21.jpg""]",22,Oeste,25.6,5
https://www.idealista.com/inmueble/900000043/,831.0,Sample listing #44,66,2.0,2.0,planta 2ª,True,False,True,True,True,True,False,True,"Sanchinarro, Madrid","Ático con terraza panorámica, dos dormitorios, dos baños. Plaza de garaje y trastero incluidos.","[""https://example.invalid/sample/43/0.jpg"", ""https://example.invalid/sample/43/1.jpg"", ""https://example.invalid/sample/43/2.jpg"", ""https://example.invalid/sample/43/3.jpg"", ""https://example.invalid/sample/43/4.jpg"", ""https://example.invalid/sample/43/5.jpg"", ""https://example.invalid/sample/43/6.jpg"", ""https://example.invalid/sample/43/7.jpg"", ""https://example.invalid/sample/43/8.jpg""]",9,Periferia Norte,12.59,2
https://www.idealista.com/inmueble/900000044/,500.0,Sample listing #45,32,1.0,2.0,planta 2ª,True,False,False,False,True,True,False,False,"Vallecas, Madrid","Vivienda completamente amueblada en zona prime, ideal para profesionales. Calefacción central y aire acondicionado.","[""https://example.invalid/sample/44/0.jpg"", ""https://example.invalid/sample/44/1.jpg"", ""https://example.invalid/sample/44/2.jpg"", ""https://example.invalid/sample/44/3.jpg"", ""https://example.invalid/sample/44/4.jpg"", ""https://example.invalid/sample/44/5.jpg"", ""https://example.invalid/sample/44/6.jpg"", ""https://example.invalid/sample/44/7.jpg"", ""https://example.invalid/sample/44/8.jpg"", ""https://example.invalid/sample/44/9.jpg""]",10,Sur-Sureste,15.62,2
https://www.idealista.com/inmueble/900000045/,1311.0,Sample listing #46,46,2.0,2.0,planta 3ª,True,True,False,False,True,True,False,True,"Sol, Madrid","Estudio céntrico cerca del metro, perfecto para una persona. Recientemente reformado con calidades modernas.","[""https://example.invalid/sample/45/0.jpg"", ""https://example.invalid/sample/45/1.jpg"", ""https://example.invalid/sample/45/2.jpg"", ""https://example.invalid/sample/45/3.jpg"", ""https://example.invalid/sample/45/4.jpg"", ""https://example.invalid/sample/45/5.jpg"", ""https://example.invalid/sample/45/6.jpg"", ""https://example.invalid/sample/45/7.jpg"", ""https://example.invalid/sample/45/8.jpg"", ""https://example.invalid/sample/45/9.jpg"", ""https://example.invalid/sample/45/10.jpg"", ""https://example.invalid/sample/45/11.jpg"", ""https://example.invalid/sample/45/12.jpg"", ""https://example.invalid/sample/45/13.jpg"", ""https://example.invalid/sample/45/14.jpg""]",15,Centro,28.5,3
https://www.idealista.com/inmueble/900000046/,1465.0,Sample listing #47,66,1.0,1.0,planta 4ª,True,True,True,False,True,True,False,False,"Pozuelo, Madrid","Ático con terraza panorámica, dos dormitorios, dos baños. Plaza de garaje y trastero incluidos.","[""https://example.invalid/sample/46/0.jpg"", ""https://example.invalid/sample/46/1.jpg"", ""https://example.invalid/sample/46/2.jpg"", ""https://example.invalid/sample/46/3.jpg"", ""https://example.invalid/sample/46/4.jpg"", ""https://example.invalid/sample/46/5.jpg"", ""https://example.invalid/sample/46/6.jpg"", ""https://example.invalid/sample/46/7.jpg"", ""https://example.invalid/sample/46/8.jpg"", ""https://example.invalid/sample/46/9.jpg"", ""https://example.invalid/sample/46/10.jpg"", ""https://example.invalid/sample/46/11.jpg"", ""https://example.invalid/sample/46/12.jpg"", ""https://example.invalid/sample/46/13.jpg"", ""https://example.invalid/sample/46/14.jpg"", ""https://example.invalid/sample/46/15.jpg"", ""https://example.invalid/sample/46/16.jpg""]",17,Oeste,22.2,4
https://www.idealista.com/inmueble/900000047/,3320.0,Sample listing #48,128,4.0,3.0,planta 1ª,True,False,False,True,True,True,False,True,"Imperial, Madrid","Vivienda completamente amueblada en zona prime, ideal para profesionales. Calefacción central y aire acondicionado.","[""https://example.invalid/sample/47/0.jpg"", ""https://example.invalid/sample/47/1.jpg"", ""https://example.invalid/sample/47/2.jpg"", ""https://example.invalid/sample/47/3.jpg"", ""https://example.invalid/sample/47/4.jpg"", ""https://example.invalid/sample/47/5.jpg"", ""https://example.invalid/sample/47/6.jpg"", ""https://example.invalid/sample/47/7.jpg""]",8,Arganzuela,25.94,1
https://www.idealista.com/inmueble/900000048/,1188.0,Sample listing #49,51,1.0,1.0,planta 2ª,True,True,True,False,True,True,False,False,"Lavapiés-Embajadores, Madrid","Apartamento moderno con terraza, vistas despejadas y excelente iluminación natural. Edificio con ascensor.","[""https://example.invalid/sample/48/0.jpg"", ""https://example.invalid/sample/48/1.jpg"", ""https://example.invalid/sample/48/2.jpg"", ""https://example.invalid/sample/48/3.jpg"", ""https://example.invalid/sample/48/4.jpg"", ""https://example.invalid/sample/48/5.jpg"", ""https://example.invalid/sample/48/6.jpg"", ""https://example.invalid/sample/48/7.jpg""]",8,Centro,23.29,2
https://www.idealista.com/inmueble/900000049/,1112.0,Sample listing #50,48,2.0,1.0,planta 3ª,True,False,False,True,True,True,False,False,"Trafalgar, Madrid","Vivienda completamente amueblada en zona prime, ideal para profesionales. Calefacción central y aire acondicionado.","[""https://example.invalid/sample/49/0.jpg"", ""https://example.invalid/sample/49/1.jpg"", ""https://example.invalid/sample/49/2.jpg"", ""https://example.invalid/sample/49/3.jpg"", ""https://example.invalid/sample/49/4.jpg"", ""https://example.invalid/sample/49/5.jpg"", ""https://example.invalid/sample/49/6.jpg"", ""https://example.invalid/sample/49/7.jpg"", ""https://example.invalid/sample/49/8.jpg"", ""https://example.invalid/sample/49/9.jpg"", ""https://example.invalid/sample/49/10.jpg"", ""https://example.invalid/sample/49/11.jpg"", ""https://example.invalid/sample/49/12.jpg""]",13,Chamberí,23.17,3
